p_GPa,T_CDW_nominal,T_CDW_detected,dR_dT_min
0.0,138.0,136.4321608040201,-0.017569379925715833
1.5,123.75,128.39195979899498,-0.015729623217913324
3.0,109.5,112.31155778894473,-0.01945307531877022
4.5,95.25,91.20603015075376,-0.01759671874701141
